{
    "scores": {
        "dice": [
            0.3447636700648749,
            0.6915282392026578,
            0.7029126213592233,
            0.5504587155963303,
            0.6538255751738897,
            0.26626323751891073,
            0.6719024263031725,
            0.7279459271407982,
            0.7879459170422428,
            0.6570649771622219,
            0.8419380460683081,
            0.6932515337423313,
            0.6717495987158909,
            0.678617157490397,
            0.41989987484355445,
            0.5780171223418945,
            0.676790509863019,
            0.839524457070537,
            0.3181818181818182,
            0.0,
            0.6446796793734321,
            0.7313939616408186,
            0.0,
            0.7557861133280128,
            0.7004926108374384,
            0.09280120158781247,
            0.6092233009708737,
            0.0,
            0.10243492863140219,
            0.6463404502783086,
            0.6255077173030057,
            0.7385916193476189,
            0.7478337006732888,
            0.6579754601226994,
            0.4732979759714255,
            0.22715613978839372,
            0.6832501291100017,
            0.7121177655737172,
            0.8905749187492996,
            0.8744816803752294,
            0.8869953437145063,
            0.8719262295081968,
            0.6914702687384877,
            0.0,
            0.5269421487603306,
            0.30969470762752416,
            0.15419296663660956,
            0.5213186190282182,
            0.0,
            0.1356223175965665,
            0.7870203137366317,
            0.8037740217642972
        ],
        "iou": [
            0.20828667413213886,
            0.5285006982353688,
            0.5419161676646707,
            0.379746835443038,
            0.48569157392686807,
            0.15357766143106458,
            0.5059134506457216,
            0.5722602070716937,
            0.6500913846347766,
            0.4892753305173076,
            0.7270233196159122,
            0.5305164319248826,
            0.5057401812688822,
            0.5135658914728682,
            0.26574257425742576,
            0.40648669644591184,
            0.5114764630300198,
            0.7234314089474662,
            0.1891891891891892,
            0.0,
            0.47566591422121896,
            0.5765335648148148,
            0.0,
            0.6074406670942912,
            0.5390447308567097,
            0.04865837880407268,
            0.43804537521815007,
            0.0,
            0.05398230088495575,
            0.47747637167055357,
            0.45508274231678486,
            0.5855293421830847,
            0.5972319340293685,
            0.49028571428571427,
            0.3100133284178884,
            0.12813093408083914,
            0.5188913583474964,
            0.5529370205894227,
            0.8027355193244035,
            0.7769590819870149,
            0.7969376756021276,
            0.7729336966394187,
            0.5284329826207793,
            0.0,
            0.35771992818671455,
            0.18321820858339938,
            0.08353688324377137,
            0.3525564234031338,
            0.0,
            0.072744014732965,
            0.6488322291373887,
            0.6719249008032517
        ],
        "precision": [
            0.2672413793103448,
            0.7330515935904208,
            0.6723625557206538,
            0.967741935483871,
            0.9569303054032889,
            0.18448637316561844,
            0.8705166857261669,
            0.8661123988835802,
            0.8827556696619597,
            0.8935978358881875,
            0.925440894010826,
            0.6475644699140402,
            0.5587449933244326,
            0.5634301913536499,
            0.9120978704123244,
            0.605088175773345,
            0.9571038251366121,
            0.7698785065191623,
            0.19574944071588368,
            0.0,
            0.9476524554776039,
            0.8754393673110721,
            0.0,
            0.799831081081081,
            0.9138817480719794,
            0.6648731744811683,
            0.5571587125416204,
            0.0,
            0.2053872053872054,
            0.6982588404236223,
            0.782520325203252,
            0.7333936949543173,
            0.9006254090611592,
            0.858,
            0.7876080691642652,
            0.35764765270065624,
            0.8469910371318822,
            0.8903993498955189,
            0.9119348175350012,
            0.8253616912071344,
            0.90676867089562,
            0.8414079493771011,
            0.7126411604361371,
            0,
            0.7365988909426987,
            0.6819522886285088,
            0.24710982658959538,
            0.6360217842323651,
            0.0,
            0.2633333333333333,
            0.7654744986578241,
            0.8652791625124626
        ],
        "recall": [
            0.4856396866840731,
            0.6544568464077976,
            0.7363710333604556,
            0.38461538461538464,
            0.4965461194636327,
            0.4782608695652174,
            0.5470819789948222,
            0.6277967322166407,
            0.7115265227288404,
            0.5195433098386439,
            0.7722570304531546,
            0.7458745874587459,
            0.8420523138832998,
            0.8530042918454935,
            0.2727272727272727,
            0.5532646048109966,
            0.5234764936190561,
            0.9230245433283003,
            0.8495145631067961,
            0.0,
            0.48850148367952523,
            0.628053585500394,
            0.0,
            0.716338880484115,
            0.5678913738019169,
            0.0498817830574938,
            0.6720214190093708,
            0.0,
            0.06823266219239374,
            0.6016084132384782,
            0.5209742895805142,
            0.743863750208716,
            0.6393649974186887,
            0.5335820895522388,
            0.3382949094847594,
            0.16643175945501526,
            0.5725620311598384,
            0.5933194606678992,
            0.8701927288655278,
            0.9298182212424561,
            0.8680659814451245,
            0.9047416542632363,
            0.67152096137969,
            0.0,
            0.41019042717447246,
            0.2003367837155168,
            0.11205766710353866,
            0.4416664165441066,
            0.0,
            0.09132947976878612,
            0.8098141574441429,
            0.7504323389537397
        ],