{
    "scores": {
        "dice": [
            0.31746031746031744,
            0.6224350205198358,
            0.5558419243986255,
            0.0,
            0.6550855991943605,
            0.19968051118210864,
            0.5653173772778795,
            0.6520010769547521,
            0.5926735921268452,
            0.6070178109301263,
            0.7796159527326441,
            0.44609665427509293,
            0.46663681146439767,
            0.60416974715363,
            0.2908362097761942,
            0.1061261671601002,
            0.6493496255419787,
            0.7946788212847149,
            0.5048923679060665,
            0.0,
            0.6195190947666195,
            0.6935392729327557,
            0.0,
            0.4641280353200883,
            0.6790591805766313,
            0.11948761024779504,
            0.5859389119826496,
            0.0,
            0.0,
            0.4169545799275301,
            0.2692307692307692,
            0.5749604831191991,
            0.5892802863994056,
            0.6611350813143047,
            0.4299903313703085,
            0.07250437828371278,
            0.4162594864331012,
            0.7032245382986517,
            0.868113198010987,
            0.8272521455272995,
            0.8588678234328879,
            0.8322058334257514,
            0.5912600890707451,
            0.0008220304151253596,
            0.023220595658758204,
            0.4353594881293147,
            0.0,
            0.478454737651355,
            0.0,
            0.09573361082206035,
            0.730014175866661,
            0.7741343975838637
        ],
        "iou": [
            0.18867924528301888,
            0.45183714001986097,
            0.3848899464604402,
            0.0,
            0.487083489329839,
            0.11091393078970718,
            0.39403654043377523,
            0.48368071057640344,
            0.4211344211344211,
            0.43576853723840225,
            0.6388283708545146,
            0.28708133971291866,
            0.30432242990654207,
            0.43283898305084745,
            0.1701628664495114,
            0.05603655603655604,
            0.48076810832895583,
            0.6593087679183889,
            0.337696335078534,
            0.0,
            0.4487704918032787,
            0.5308535178777394,
            0.0,
            0.3021918792669781,
            0.5140723721998851,
            0.06353992183137912,
            0.4143660531697341,
            0.0,
            0.0,
            0.2633876290854892,
            0.15555555555555556,
            0.4034698521046644,
            0.41771606416088103,
            0.49380267724343085,
            0.27387750531855337,
            0.03761584590223514,
            0.26283313640540895,
            0.5422870489668524,
            0.7669611453066608,
            0.7053964263266589,
            0.7526453473747757,
            0.7126305792972459,
            0.41970848166055646,
            0.00041118421052631577,
            0.01174668028600613,
            0.2782488915673023,
            0.0,
            0.3144531743425208,
            0.0,
            0.05027322404371585,
            0.5748207279123257,
            0.6315002199736032
        ],
        "precision": [
            0.256,
            0.8223599277046217,
            0.5887170154686078,
            0.0,
            0.8610191925876902,
            0.11704119850187265,
            0.8495037505322808,
            0.8486031139633635,
            0.8729029660448262,
            0.8755077395981996,
            0.7904747641156208,
            0.5106382978723404,
            0.420500403551251,
            0.5149987396017142,
            0.81625,
            0.3832236842105263,
            0.9533013135813899,
            0.7192229284086821,
            0.42295081967213116,
            0.0,
            0.9196640496622238,
            0.8616896793821671,
            0.0,
            0.36533449174630755,
            0.6466763005780347,
            0.6666666666666666,
            0.6369351669941061,
            0.0,
            0.0,
            0.4580633216071098,
            0.31194295900178254,
            0.5587239070500197,
            0.852036331673015,
            0.7088967971530249,
            0.7416053968013341,
            0.14246386785960083,
            0.7450688500186081,
            0.8322178165477134,
            0.9285720226560096,
            0.8041490378053774,
            0.8539044738068738,
            0.8697264719517849,
            0.6482479415706978,
            0.26666666666666666,
            0.6052631578947368,
            0.6801346801346801,
            0.0,
            0.665152567733661,
            0.0,
            0.4791666666666667,
            0.751514615486667,
            0.772551130247578
        ],
        "recall": [
            0.4177545691906005,
            0.5007074359377457,
            0.5264442636289667,
            0.0,
            0.5286468915075173,
            0.6793478260869565,
            0.4236071411071003,
            0.5293603305501741,
            0.4486445471476857,
            0.4645540863284208,
            0.7690514352324056,
            0.39603960396039606,
            0.5241448692152918,
            0.73068669527897,
            0.17694079393036174,
            0.06159132963256675,
            0.4923637885172898,
            0.8878230748734346,
            0.6262135922330098,
            0.0,
            0.4670808605341246,
            0.5802994483845547,
            0.0,
            0.6361573373676248,
            0.7148562300319489,
            0.06562481979124618,
            0.5425033467202142,
            0.0,
            0.0,
            0.38261676461490873,
            0.2368064952638701,
            0.5921689764568375,
            0.45038719669592153,
            0.6194029850746269,
            0.3027696116354634,
            0.048625792811839326,
            0.2888055395268321,
            0.6088527202543494,
            0.8150459921156373,
            0.8517220194427378,
            0.863889209685491,
            0.7977886455453965,
            0.5434822493349234,
            0.00041164968611711434,
            0.011837364899639732,
            0.32014263780892477,
            0.0,
            0.3735930605996938,
            0.0,
            0.05317919075144509,
            0.7097097515138859,
            0.7757241677475141
        ],